[{"name":"rdx min_reg_val_less 0x6aaa0000000d","score":0.9863401427516614,"address":93824992346931},{"name":"rdx min_reg_val_less 0x6aaa0000000d","score":0.9863401427516614,"address":93824992346946},{"name":"rdi min_reg_val_less 0xffffffffffffffff","score":0.9997538764459759,"address":93824992276634},{"name":"is_visited","score":0.97969480679301,"address":93824992367994},{"name":"rdi min_reg_val_less 0xffffffffffffffff","score":0.9777258183608171,"address":93824992320870},{"name":"memory_value min_reg_val_less 0xff","score":1.0,"address":93824992305974},{"name":"0x55555556fed1 has_edge_to 0x5555555755aa","score":0.9810484863401427,"address":93824992345809},{"name":"max_zero_flag_set","score":0.9997538764459759,"address":93824992263655},{"name":"rax min_reg_val_less 0xff","score":0.9862170809746493,"address":93824992348353},{"name":"rax min_reg_val_less 0x11","score":0.9996308146689639,"address":93824992348434},{"name":"rcx min_reg_val_less 0xffffffffffffffff","score":0.9777258183608171,"address":93824992320885},{"name":"memory_value min_reg_val_less 0x6aaa0000000d","score":0.9863401427516614,"address":93824992346938},{"name":"rdx max_reg_val_less 0x30","score":1.0,"address":93824992263764},{"name":"rdi min_reg_val_less 0xffffffffffffffff","score":0.9777258183608171,"address":93824992320898},{"name":"rax min_reg_val_greater_or_equal 0xfffc0699","score":1.0,"address":93824992433711},{"name":"max_interrupt_flag_set","score":0.9997538764459759,"address":93824992276579},{"name":"0x5555555856fb edge_only_taken_to 0x555555585701","score":1.0,"address":93824992433915},{"name":"max_interrupt_flag_set","score":0.9863401427516614,"address":93824992346902},{"name":"rax max_reg_val_less 0x5","score":1.0,"address":93824992302959},{"name":"rdx min_reg_val_less 0x67","score":0.9428369748045053,"address":93824992572269},{"name":"rdx min_reg_val_less 0xff","score":0.9862170809746493,"address":93824992348382},{"name":"is_visited","score":0.9862170809746493,"address":93824992346710},{"name":"rax min_reg_val_less 0xffffffffffffffff","score":0.9777258183608171,"address":93824992320835},{"name":"rsi min_reg_val_less 0xffffffffffffffff","score":0.9862170809746493,"address":93824992346760},{"name":"memory_value min_reg_val_less 0xffffffffffffffff","score":0.9862170809746493,"address":93824992348420},{"name":"rax min_reg_val_less 0xffffffffffffffff","score":0.9997538764459759,"address":93824992276623},{"name":"rax min_reg_val_less 0xffffffffffffffff","score":0.9777258183608171,"address":93824992320858},{"name":"is_visited","score":0.9862170809746493,"address":93824992348397},{"name":"rdx min_reg_val_less 0x6aaa0000000d","score":0.9863401427516614,"address":93824992346764},{"name":"0x5555555706a8 has_edge_to 0x5555555708c1","score":0.9862170809746493,"address":93824992347816},{"name":"max_interrupt_flag_set","score":0.9863401427516614,"address":93824992348882},{"name":"0x55555559f573 edge_only_taken_to 0x55555559f579","score":1.0,"address":93824992540019},{"name":"max_interrupt_flag_set","score":0.9777258183608171,"address":93824992320815},{"name":"0x55555557b1b9 has_edge_to 0x55555557557a","score":0.97969480679301,"address":93824992391609},{"name":"0x555555585967 edge_only_taken_to 0x555555585fd1","score":1.0,"address":93824992434535},{"name":"rax min_reg_val_less 0x66","score":0.9354532681837817,"address":93824992506641},{"name":"memory_value min_reg_val_less 0xffffffffffffffff","score":0.9862170809746493,"address":93824992346717},{"name":"is_visited","score":0.97969480679301,"address":93824992367995},{"name":"max_interrupt_flag_set","score":0.9997538764459759,"address":93824992263622},{"name":"rdx min_reg_val_less 0x6aaa0000000d","score":0.9863401427516614,"address":93824992348846},{"name":"rax min_reg_val_less 0xff","score":1.0,"address":93824992307044},{"name":"rdx min_reg_val_less 0xffffffffffffffff","score":0.9863401427516614,"address":93824992346898},{"name":"rax min_reg_val_less 0xffffffffffffffff","score":0.9863401427516614,"address":93824992346894},{"name":"rax min_reg_val_less 0xffffffffffffffff","score":0.9777258183608171,"address":93824992320891},{"name":"rdx min_reg_val_less 0x66","score":0.9428369748045053,"address":93824992539385},{"name":"memory_value min_reg_val_less 0xffffffffffffffff","score":0.9777258183608171,"address":93824992320850},{"name":"rsi min_reg_val_less 0xffffffffffffffff","score":0.9997538764459759,"address":93824992276683},{"name":"memory_value min_reg_val_greater_or_equal 0x2aaaaac01440","score":0.9863401427516614,"address":93824992346786},{"name":"rax min_reg_val_less 0xff","score":1.0,"address":93824992305992},{"name":"max_zero_flag_set","score":0.9997538764459759,"address":93824992263606},{"name":"memory_value min_reg_val_less 0xff","score":1.0,"address":93824992307020},{"name":"r12 min_reg_val_less 0xffffffffffffffff","score":0.9863401427516614,"address":93824992346907},{"name":"min_parity_flag_set","score":0.9990989299242328,"address":93824992261928},{"name":"rax min_reg_val_less 0x4190","score":0.9997538764459759,"address":93824992263598},{"name":"rdx min_reg_val_less 0xffffffffffffffff","score":0.9810484863401427,"address":93824992368049},{"name":"max_interrupt_flag_set","score":0.9862170809746493,"address":93824992348388},{"name":"rax min_reg_val_less 0xffffffffffffffff","score":0.9862170809746493,"address":93824992346950},{"name":"memory_value min_reg_val_less 0xffffffffffffffff","score":0.9997538764459759,"address":93824992276613},{"name":"rdi min_reg_val_less 0xffffffffffffffff","score":0.9997538764459759,"address":93824992276667},{"name":"rsi min_reg_val_less 0xffffffffffffffff","score":0.9997538764459759,"address":93824992276664},{"name":"0x5555555755be edge_only_taken_to 0x555555569d2a","score":0.9810484863401427,"address":93824992368062},{"name":"max_interrupt_flag_set","score":0.9997538764459759,"address":93824992263616},{"name":"rax min_reg_val_greater_or_equal 0x8","score":0.9863401427516614,"address":93824992346794},{"name":"0x555555559fcc has_edge_to 0x555555559fce","score":0.9862170809746493,"address":93824992255948},{"name":"is_visited","score":0.9997538764459759,"address":93824992276576},{"name":"memory_value min_reg_val_less 0xffffffffffffffff","score":0.97969480679301,"address":93824992368002},{"name":"max_parity_flag_set","score":0.9255173700932309,"address":93824992313602},{"name":"rdx min_reg_val_less 0x67","score":0.9428369748045053,"address":93824992614971},{"name":"rcx min_reg_val_less 0xffffffffffffffff","score":0.9862170809746493,"address":93824992348843},{"name":"max_interrupt_flag_set","score":0.9862170809746493,"address":93824992346713},{"name":"rsi min_reg_val_less 0xffffffffffffffff","score":0.9777258183608171,"address":93824992320866},{"name":"memory_value min_reg_val_greater_or_equal 0x2aaaaac0d758","score":1.0,"address":93824992540010},{"name":"is_visited","score":0.9862170809746493,"address":93824992255954},{"name":"min_sign_flag_set","score":1.0,"address":93824992433912},{"name":"is_visited","score":0.9997538764459759,"address":93824992276696},{"name":"rdi min_reg_val_less 0xffffffffffffffff","score":0.9997538764459759,"address":93824992263641},{"name":"rax min_reg_val_less 0xffffffffffffffff","score":0.9862170809746493,"address":93824992348807},{"name":"rax min_reg_val_less 0xffffffffffffffff","score":0.9862170809746493,"address":93824992346925},{"name":"memory_value min_reg_val_less 0xffffffffffffffff","score":0.97969480679301,"address":93824992368015},{"name":"max_interrupt_flag_set","score":0.9862170809746493,"address":93824992255950},{"name":"0x555555559fdc edge_only_taken_to 0x55555555a030","score":0.9862170809746493,"address":93824992255964},{"name":"rdx min_reg_val_less 0xffffffffffffffff","score":0.97969480679301,"address":93824992368012},{"name":"max_interrupt_flag_set","score":0.9862170809746493,"address":93824992346797},{"name":"rax min_reg_val_greater_or_equal 0x190","score":0.995850622406639,"address":93824992261171},{"name":"rdx min_reg_val_less 0xff","score":0.9997538764459759,"address":93824992263630},{"name":"max_interrupt_flag_set","score":0.9862170809746493,"address":93824992348751},{"name":"rax min_reg_val_greater_or_equal 0x18e","score":0.9961099585062241,"address":93824992434180},{"name":"max_interrupt_flag_set","score":0.9997538764459759,"address":93824992263619},{"name":"rsi min_reg_val_greater_or_equal 0x2aaaaac0d4d8","score":1.0,"address":93824992434234},{"name":"rax min_reg_val_greater_or_equal 0x8","score":0.9957936233574316,"address":93824992255942},{"name":"rax max_reg_val_less 0x30","score":1.0,"address":93824992263760},{"name":"min_zero_flag_set","score":1.0,"address":93824992302861},{"name":"rdi min_reg_val_less 0xffffffffffffffff","score":0.9862170809746493,"address":93824992346753},{"name":"memory_value min_reg_val_less 0xffffffffffffffff","score":0.9777258183608171,"address":93824992320823},{"name":"memory_value max_reg_val_less 0x30","score":1.0,"address":93824992262400},{"name":"rdx min_reg_val_less 0xffffffffffffffff","score":0.9997538764459759,"address":93824992276619},{"name":"rax min_reg_val_less 0xffffffffffffffff","score":0.97969480679301,"address":93824992368023},{"name":"0x55555555bddc edge_only_taken_to 0x55555558474f","score":0.9997538764459759,"address":93824992263644},{"name":"rsi min_reg_val_less 0xffffffffffffffff","score":0.9862170809746493,"address":93824992346942},{"name":"rcx min_reg_val_less 0xffffffffffffffff","score":0.9863401427516614,"address":93824992348868},{"name":"rdx max_reg_val_less 0x30","score":1.0,"address":93824992262294},{"name":"rdx min_reg_val_less 0x67","score":0.9354532681837817,"address":93824992506647},{"name":"rax min_reg_val_greater_or_equal 0xa","score":1.0,"address":93824992302868},{"name":"max_zero_flag_set","score":0.9997538764459759,"address":93824992263671},{"name":"memory_value min_reg_val_less 0x66","score":0.9354532681837817,"address":93824992506638},{"name":"is_visited","score":0.9863401427516614,"address":93824992346912},{"name":"0x55555557029d edge_only_taken_to 0x555555559f9e","score":0.9862170809746493,"address":93824992346781},{"name":"rsi min_reg_val_less 0x67","score":0.9428369748045053,"address":93824992614979},{"name":"is_visited","score":0.9777258183608171,"address":93824992320811},{"name":"rdx max_reg_val_less 0x30","score":1.0,"address":93824992262393},{"name":"memory_value min_reg_val_less 0x66","score":0.9428369748045053,"address":93824992614963},{"name":"0x5555555786a7 has_edge_to 0x55555555f05f","score":0.9997538764459759,"address":93824992380583},{"name":"memory_value min_reg_val_less 0xff","score":1.0,"address":93824992307048},{"name":"rbp min_reg_val_less 0xffffffffffffffff","score":0.9863401427516614,"address":93824992346911},{"name":"0x5555555702af edge_only_taken_to 0x55555557030e","score":0.9863401427516614,"address":93824992346799},{"name":"min_parity_flag_set","score":0.9065828987022855,"address":93824992317560},{"name":"0x55555555bfb6 has_edge_to 0x55555555f0c3","score":0.9997538764459759,"address":93824992264118},{"name":"rcx min_reg_val_less 0xffffffffffffffff","score":0.9997538764459759,"address":93824992276656},{"name":"max_parity_flag_set","score":0.9859709574206251,"address":93824992347665},{"name":"max_sign_flag_set","score":0.9996308146689639,"address":93824992348437},{"name":"rsi min_reg_val_less 0xff","score":0.9997538764459759,"address":93824992263638},{"name":"rdx min_reg_val_less 0xff","score":0.9862170809746493,"address":93824992348371},{"name":"rax max_reg_val_less 0x1590","score":1.0,"address":93824992261187},{"name":"is_visited","score":0.9777258183608171,"address":93824992320810},{"name":"max_zero_flag_set","score":0.9322800870725901,"address":93824992259255},{"name":"memory_value min_reg_val_less 0xffffffffffffffff","score":0.9863401427516614,"address":93824992348875},{"name":"rsi min_reg_val_less 0xffffffffffffffff","score":0.9862170809746493,"address":93824992348857},{"name":"rdx min_reg_val_greater_or_equal 0x2a","score":1.0,"address":93824992433696},{"name":"max_interrupt_flag_set","score":0.9862170809746493,"address":93824992348379},{"name":"rcx min_reg_val_less 0xffffffffffffffff","score":0.9810484863401427,"address":93824992368042},{"name":"r8 min_reg_val_less 0xffffffffffffffff","score":0.9862170809746493,"address":93824992346749},{"name":"rax min_reg_val_less 0xffffffffffffffff","score":0.9862170809746493,"address":93824992348811},{"name":"max_parity_flag_set","score":0.9192412194656158,"address":93824992320279},{"name":"rax min_reg_val_less 0xffffffffffffffff","score":0.9862170809746493,"address":93824992348417},{"name":"rsi min_reg_val_less 0x6aaa0000000d","score":0.9863401427516614,"address":93824992346724},{"name":"rdx min_reg_val_less 0x4190","score":0.9997538764459759,"address":93824992263674},{"name":"rbx min_reg_val_less 0xffffffffffffffff","score":0.9777258183608171,"address":93824992320888},{"name":"memory_value min_reg_val_less 0xffffffffffffffff","score":0.9862170809746493,"address":93824992346934},{"name":"max_zero_flag_set","score":0.9997538764459759,"address":93824992263658},{"name":"rax min_reg_val_less 0x4190","score":0.9997538764459759,"address":93824992263711},{"name":"rax min_reg_val_less 0xffffffffffffffff","score":0.9862170809746493,"address":93824992348364},{"name":"is_visited","score":0.9777258183608171,"address":93824992320814},{"name":"max_zero_flag_set","score":0.9997538764459759,"address":93824992263559},{"name":"max_zero_flag_set","score":0.9997538764459759,"address":93824992263713},{"name":"rsi min_reg_val_less 0xffffffffffffffff","score":0.9777258183608171,"address":93824992320895},{"name":"max_zero_flag_set","score":0.9862170809746493,"address":93824992255945},{"name":"rsi min_reg_val_greater_or_equal 0x2aaaaac0d758","score":1.0,"address":93824992303185},{"name":"memory_value min_reg_val_less 0xffffffffffffffff","score":0.9862170809746493,"address":93824992346730},{"name":"rax min_reg_val_less 0x4190","score":0.9997538764459759,"address":93824992263653},{"name":"rax min_reg_val_greater_or_equal 0x18d","score":0.9961099585062241,"address":93824992434329},{"name":"rdi min_reg_val_less 0xffffffffffffffff","score":0.9862170809746493,"address":93824992346973},{"name":"max_interrupt_flag_set","score":0.9862170809746493,"address":93824992346917},{"name":"rax min_reg_val_less 0xff","score":0.9862170809746493,"address":93824992348819},{"name":"min_parity_flag_set","score":0.9592842323651452,"address":93824992302769},{"name":"0x5555555755a5 edge_only_taken_to 0x55555556fea5","score":0.97969480679301,"address":93824992368037},{"name":"rdx max_reg_val_less 0x4","score":1.0,"address":93824992302857},{"name":"rcx min_reg_val_less 0x2","score":0.9741570268274674,"address":93824992260932},{"name":"memory_value min_reg_val_less 0xffffffffffffffff","score":0.9862170809746493,"address":93824992346921},{"name":"min_parity_flag_set","score":0.9247828291545095,"address":93824992263846},{"name":"rcx min_reg_val_less 0xff","score":0.9862170809746493,"address":93824992346757},{"name":"memory_value min_reg_val_less 0xff","score":0.9862170809746493,"address":93824992346738},{"name":"rsi min_reg_val_less 0x67","score":0.9354532681837817,"address":93824992506654},{"name":"is_visited","score":0.9862170809746493,"address":93824992348757},{"name":"r13 min_reg_val_less 0xffffffffffffffff","score":0.9863401427516614,"address":93824992346909},{"name":"0x555555570ad9 edge_only_taken_to 0x555555572064","score":0.9863401427516614,"address":93824992348889},{"name":"is_visited","score":0.9862170809746493,"address":93824992346708},{"name":"rax min_reg_val_less 0xff","score":0.9862170809746493,"address":93824992348745},{"name":"rcx min_reg_val_less 0xffffffffffffffff","score":0.97969480679301,"address":93824992368009},{"name":"rax max_reg_val_less 0x30","score":0.9993846911149398,"address":93824992263547},{"name":"rcx min_reg_val_less 0x6aaa0000000d","score":0.9863401427516614,"address":93824992346928},{"name":"max_zero_flag_set","score":1.0,"address":93824992302871},{"name":"rax min_reg_val_less 0x67","score":0.9354532681837817,"address":93824992506672},{"name":"max_interrupt_flag_set","score":0.9997538764459759,"address":93824992276647},{"name":"rdx min_reg_val_greater_or_equal 0x6aaa00000003","score":0.9997538764459759,"address":93824992317248},{"name":"rax min_reg_val_less 0xffffffffffffffff","score":0.9810484863401427,"address":93824992368045},{"name":"memory_value min_reg_val_greater_or_equal 0x2aaa80000008","score":0.9863401427516614,"address":93824992346790},{"name":"max_interrupt_flag_set","score":0.9862170809746493,"address":93824992348840},{"name":"r8 min_reg_val_less 0xffffffffffffffff","score":0.9862170809746493,"address":93824992346961},{"name":"rcx min_reg_val_less 0xff","score":0.9862170809746493,"address":93824992348825},{"name":"rdx min_reg_val_less 0xffffffffffffffff","score":0.9777258183608171,"address":93824992320831},{"name":"is_visited","score":0.9862170809746493,"address":93824992346704},{"name":"rdx min_reg_val_less 0xff","score":0.9862170809746493,"address":93824992348377},{"name":"memory_value min_reg_val_less 0x4190","score":0.9997538764459759,"address":93824992263684},{"name":"rdx min_reg_val_less 0xffffffffffffffff","score":0.9862170809746493,"address":93824992348815},{"name":"rcx min_reg_val_less 0xffffffffffffffff","score":0.9997538764459759,"address":93824992276590},{"name":"is_visited","score":0.9997538764459759,"address":93824992276637},{"name":"memory_value max_reg_val_less 0x30","score":0.997784888013783,"address":93824992263549},{"name":"rsi min_reg_val_less 0xffffffffffffffff","score":0.9777258183608171,"address":93824992320839},{"name":"rdx min_reg_val_less 0x23","score":0.9591434900319961,"address":93824992260946},{"name":"rax min_reg_val_less 0xffffffffffffffff","score":0.9997538764459759,"address":93824992276660},{"name":"rax min_reg_val_greater_or_equal 0xb","score":1.0,"address":93824992433682},{"name":"0x55555555f0e0 edge_only_taken_to 0x5555555786a9","score":0.9997538764459759,"address":93824992276704},{"name":"rdi min_reg_val_less 0xffffffffffffffff","score":0.9777258183608171,"address":93824992320842},{"name":"rsi min_reg_val_less 0x67","score":0.9428369748045053,"address":93824992572273},{"name":"rdx max_reg_val_less 0x4","score":1.0,"address":93824992302884},{"name":"rax min_reg_val_less 0xffffffffffffffff","score":0.9862170809746493,"address":93824992255956},{"name":"memory_value min_reg_val_less 0x6aaa0000000d","score":0.9863401427516614,"address":93824992346734},{"name":"memory_value min_reg_val_less 0xff","score":0.9862170809746493,"address":93824992348828},{"name":"max_zero_flag_set","score":0.9997538764459759,"address":93824992263603},{"name":"memory_value min_reg_val_less 0xffffffffffffffff","score":0.9777258183608171,"address":93824992320819},{"name":"0x555555572103 has_edge_to 0x55555555f0a7","score":0.9997538764459759,"address":93824992354563},{"name":"is_visited","score":0.9997538764459759,"address":93824992276650},{"name":"is_visited","score":0.9862170809746493,"address":93824992348863},{"name":"rdi min_reg_val_less 0xffffffffffffffff","score":0.9862170809746493,"address":93824992346778},{"name":"0x55555556571a edge_only_taken_to 0x55555556571c","score":1.0,"address":93824992302874},{"name":"0x555555569073 has_edge_to 0x555555569d75","score":0.9777258183608171,"address":93824992317555},{"name":"rax min_reg_val_less 0xffffffffffffffff","score":0.9862170809746493,"address":93824992348427},{"name":"max_interrupt_flag_set","score":0.9997538764459759,"address":93824992276617},{"name":"rax min_reg_val_less 0xffffffffffffffff","score":0.9997538764459759,"address":93824992276587},{"name":"rax max_reg_val_less 0x30","score":0.9993846911149398,"address":93824992263544},{"name":"r9 min_reg_val_less 0xffffffffffffffff","score":0.9862170809746493,"address":93824992346954},{"name":"rdx max_reg_val_greater_or_equal 0xe9","score":0.97969480679301,"address":93824992345742},{"name":"memory_value min_reg_val_greater_or_equal 0x2aaa80000010","score":0.9799409303470342,"address":93824992320854},{"name":"0x55555555bdb8 has_edge_to 0x55555555bdba","score":0.9997538764459759,"address":93824992263608},{"name":"r9 min_reg_val_less 0xffffffffffffffff","score":0.9862170809746493,"address":93824992346772},{"name":"0x555555570917 edge_only_taken_to 0x555555570a49","score":0.9996308146689639,"address":93824992348439},{"name":"memory_value min_reg_val_less 0xffffffffffffffff","score":0.9862170809746493,"address":93824992346745},{"name":"0x55555555f0a2 edge_only_taken_to 0x5555555704cb","score":0.9997538764459759,"address":93824992276642},{"name":"rax min_reg_val_less 0x66","score":0.9428369748045053,"address":93824992615028},{"name":"rdx min_reg_val_less 0x67","score":0.9354532681837817,"address":93824992506675},{"name":"0x555555568f45 edge_only_taken_to 0x555555569843","score":0.9997538764459759,"address":93824992317253},{"name":"is_visited","score":0.9862170809746493,"address":93824992348362},{"name":"is_visited","score":0.9862170809746493,"address":93824992348770},{"name":"rax min_reg_val_less 0x11","score":1.0,"address":93824992320602},{"name":"max_interrupt_flag_set","score":0.9862170809746493,"address":93824992348836},{"name":"memory_value min_reg_val_less 0x66","score":0.9428369748045053,"address":93824992539373},{"name":"rax min_reg_val_less 0x66","score":0.9354532681837817,"address":93824992506669},{"name":"0x55555555b37a has_edge_to 0x555555569d52","score":0.9777258183608171,"address":93824992260986},{"name":"rdx min_reg_val_less 0x6aaa0000000d","score":0.9863401427516614,"address":93824992346727},{"name":"min_parity_flag_set","score":0.9323994467836962,"address":93824992263470},{"name":"0x555555584783 has_edge_to 0x55555555bde1","score":0.9997538764459759,"address":93824992429955},{"name":"rdx max_reg_val_less 0x4","score":1.0,"address":93824992302921},{"name":"rcx min_reg_val_greater_or_equal 0x2aaa80000010","score":0.9799409303470342,"address":93824992320874},{"name":"rax min_reg_val_less 0xffffffffffffffff","score":0.97969480679301,"address":93824992368006},{"name":"rax min_reg_val_less 0xffffffffffffffff","score":0.9997538764459759,"address":93824992276675},{"name":"rcx min_reg_val_less 0x8","score":0.9997538764459759,"address":93824992263669},{"name":"rax min_reg_val_greater_or_equal 0xb","score":1.0,"address":93824992433679},{"name":"rax min_reg_val_greater_or_equal 0x8000000000000000","score":1.0,"address":93824992433908},{"name":"rdx min_reg_val_greater_or_equal 0x2aaaaac0d4d8","score":1.0,"address":93824992434226},{"name":"rax min_reg_val_less 0x67","score":0.9354532681837817,"address":93824992506644},{"name":"rsi min_reg_val_less 0xff","score":1.0,"address":93824992308570},{"name":"memory_value min_reg_val_less 0xffffffffffffffff","score":0.9777258183608171,"address":93824992320827},{"name":"rdx min_reg_val_less 0xffffffffffffffff","score":0.9777258183608171,"address":93824992320877},{"name":"rax max_reg_val_less 0x1590","score":1.0,"address":93824992261228},{"name":"memory_value min_reg_val_less 0x67","score":0.9428369748045053,"address":93824992572258},{"name":"is_visited","score":0.9997538764459759,"address":93824992276575},{"name":"memory_value min_reg_val_less 0xffffffffffffffff","score":0.9997538764459759,"address":93824992276583},{"name":"rax min_reg_val_less 0x4190","score":0.9997538764459759,"address":93824992263557},{"name":"max_interrupt_flag_set","score":0.97969480679301,"address":93824992367998},{"name":"rdi min_reg_val_less 0xffffffffffffffff","score":0.9862170809746493,"address":93824992348860},{"name":"rdx min_reg_val_greater_or_equal 0x2aaaaac0d758","score":1.0,"address":93824992303177},{"name":"rbx min_reg_val_greater_or_equal 0x2aaa80000005","score":0.9865862663056855,"address":93824992346906},{"name":"memory_value min_reg_val_less 0xff","score":0.9862170809746493,"address":93824992348391},{"name":"rdx min_reg_val_less 0x4190","score":0.9997538764459759,"address":93824992263682},{"name":"rdx min_reg_val_less 0xffffffffffffffff","score":0.9997538764459759,"address":93824992276652},{"name":"is_visited","score":0.9997538764459759,"address":93824992263624},{"name":"rax min_reg_val_less 0xff","score":0.9862170809746493,"address":93824992348834},{"name":"min_zero_flag_set","score":1.0,"address":93824992302925},{"name":"0x555555569d70 edge_only_taken_to 0x55555556901f","score":0.9777258183608171,"address":93824992320880},{"name":"is_visited","score":0.9863401427516614,"address":93824992346982},{"name":"rax min_reg_val_less 0xffffffffffffffff","score":0.9997538764459759,"address":93824992263610},{"name":"rdx min_reg_val_greater_or_equal 0x2aaa80000010","score":0.9863401427516614,"address":93824992255960},{"name":"is_visited","score":0.9862170809746493,"address":93824992346712},{"name":"max_zero_flag_set","score":0.9997538764459759,"address":93824992263600},{"name":"rax max_reg_val_less 0x30","score":1.0,"address":93824992262301},{"name":"memory_value min_reg_val_less 0xffffffffffffffff","score":0.9862170809746493,"address":93824992346741},{"name":"is_visited","score":0.9862170809746493,"address":93824992346914},{"name":"rax min_reg_val_less 0xffffffffffffffff","score":0.9862170809746493,"address":93824992348800},{"name":"r8 min_reg_val_less 0xffffffffffffffff","score":0.9862170809746493,"address":93824992346775},{"name":"rdi min_reg_val_less 0xffffffffffffffff","score":0.97969480679301,"address":93824992368034},{"name":"rdx min_reg_val_less 0xffffffffffffffff","score":0.9997538764459759,"address":93824992276679},{"name":"max_parity_flag_set","score":0.9724341619492985,"address":93824992375472},{"name":"rdx min_reg_val_greater_or_equal 0x2aaa80000010","score":0.9799409303470342,"address":93824992320862},{"name":"max_interrupt_flag_set","score":0.9862170809746493,"address":93824992348763},{"name":"rsi min_reg_val_less 0xffffffffffffffff","score":0.97969480679301,"address":93824992368027},{"name":"max_interrupt_flag_set","score":0.9997538764459759,"address":93824992276687},{"name":"rdx min_reg_val_less 0x66","score":0.9428369748045053,"address":93824992615005},{"name":"rax min_reg_val_less 0xffffffffffffffff","score":0.9862170809746493,"address":93824992346768},{"name":"min_zero_flag_set","score":1.0,"address":93824992302888},{"name":"0x55555555a031 has_edge_to 0x5555555702a2","score":0.9862170809746493,"address":93824992256049},{"name":"min_parity_flag_set","score":1.0,"address":93824992433724},{"name":"memory_value min_reg_val_less 0xffffffffffffffff","score":0.9997538764459759,"address":93824992276596},{"name":"rdx min_reg_val_less 0xffffffffffffffff","score":0.9997538764459759,"address":93824992276593},{"name":"rax min_reg_val_less 0xffffffffffffffff","score":0.9997538764459759,"address":93824992263626},{"name":"is_visited","score":0.9997538764459759,"address":93824992276703},{"name":"rax min_reg_val_less 0xffffffffffffffff","score":0.9997538764459759,"address":93824992263634},{"name":"memory_value max_reg_val_less 0x5","score":1.0,"address":93824992302950},{"name":"rax min_reg_val_less 0x66","score":0.9428369748045053,"address":93824992614967},{"name":"rsi min_reg_val_less 0xffffffffffffffff","score":0.9810484863401427,"address":93824992368056},{"name":"rdi min_reg_val_less 0xffffffffffffffff","score":0.9810484863401427,"address":93824992368059},{"name":"max_parity_flag_set","score":0.9181336634725072,"address":93824992320649},{"name":"rsi min_reg_val_less 0xff","score":1.0,"address":93824992307055},{"name":"rdx min_reg_val_less 0x4190","score":0.9997538764459759,"address":93824992263732},{"name":"0x555555569d85 edge_only_taken_to 0x555555569c85","score":0.9777258183608171,"address":93824992320901},{"name":"memory_value max_reg_val_less 0x30","score":1.0,"address":93824992263770},{"name":"is_visited","score":0.9862170809746493,"address":93824992346968},{"name":"memory_value min_reg_val_less 0xffffffffffffffff","score":0.9863401427516614,"address":93824992348878},{"name":"rax min_reg_val_less 0xffffffffffffffff","score":0.9997538764459759,"address":93824992276604},{"name":"rax min_reg_val_less 0xffff","score":0.9997538764459759,"address":93824992263614},{"name":"is_visited","score":0.9862170809746493,"address":93824992346976},{"name":"max_interrupt_flag_set","score":0.9862170809746493,"address":93824992348359},{"name":"is_visited","score":0.9862170809746493,"address":93824992346705},{"name":"memory_value min_reg_val_less 0xffffffffffffffff","score":0.9997538764459759,"address":93824992276600},{"name":"rsi min_reg_val_less 0xffffffffffffffff","score":0.9997538764459759,"address":93824992276627},{"name":"rdx min_reg_val_less 0x8","score":0.9997538764459759,"address":93824992263663},{"name":"rax min_reg_val_less 0xffffffffffffffff","score":0.9862170809746493,"address":93824992346721},{"name":"rax min_reg_val_greater_or_equal 0xb","score":1.0,"address":93824992433694},{"name":"0x555555569d4d edge_only_taken_to 0x55555555b321","score":0.9777258183608171,"address":93824992320845},{"name":"is_visited","score":0.9862170809746493,"address":93824992346913},{"name":"0x55555555f0be edge_only_taken_to 0x55555555bd2a","score":0.9997538764459759,"address":93824992276670},{"name":"is_visited","score":0.9863401427516614,"address":93824992346981},{"name":"rax min_reg_val_less 0xffffffffffffffff","score":0.9862170809746493,"address":93824992348850},{"name":"memory_value min_reg_val_less 0xffffffffffffffff","score":0.97969480679301,"address":93824992368019}]